id,name,model_id:id,group_id:id,perm_read,perm_write,perm_create,perm_unlink
access_hospital_doctor,access.hospital.doctor,model_hospital_doctor,base.group_user,1,1,1,1
access_hospital_patient,access.hospital.patient,model_hospital_patient,base.group_user,1,1,1,1
access_hospital_appointment,access.hospital.appointment,model_hospital_appointment,base.group_user,1,1,1,1
access_hospital_pharmacy,access.hospital.pharmacy,model_hospital_pharmacy,base.group_user,1,1,1,1
access_res_partner,access.res.partner,model_res_partner,base.group_user,1,1,1,1